<?xml version="1.0" encoding="utf-8"?>
<!DOCTYPE hibernate-configuration PUBLIC
        "-//Hibernate/Hibernate Configuration DTD 3.0//EN"
        "http://www.hibernate.org/dtd/hibernate-configuration-3.0.dtd">
<hibernate-configuration>
    <session-factory>
        <property name="hibernate.connection.driver_class">org.postgresql.Driver</property>
        <property name="hibernate.connection.url">jdbc:mysql://localhost:3306/mysql/av3</property>
        <property name="hibernate.connection.username">root</property>
        <property name="hibernate.connection.password">Matheus11_</property>

        <property name="hibernate.show_sql">true</property>
        <property name="hibernate.dialect">org.hibernate.dialect.MySQL8Dialect</property>
        <property name="hibernate.hbm2ddl.auto">update</property>

        <mapping class="org.example.Questao1.Categoria" />
        <mapping class="org.example.Questao1.Produto" />
         <mapping class="org.example.Questao1.Fornecedor" />
        
    </session-factory>
</hibernate-configuration>